Wall time,Step,Value
1641193482.347305,0,0.0
1641193488.8832865,1,0.0
1641193495.432073,2,0.0
1641193502.0387194,3,0.0
1641193508.7437885,4,0.0
1641193516.5569315,5,1.1479183740448207e-05
1641193524.4926977,6,6.246642442420125e-05
1641193532.545967,7,6.575495353899896e-05
1641193540.4419105,8,0.0
1641193548.1257257,9,0.0
1641193555.828081,10,3.880576969095273e-06
1641193563.5859714,11,1.6952801615843782e-06
1641193571.4125104,12,3.168586090396275e-06
1641193578.8792925,13,2.5372612526552984e-06
1641193586.3089933,14,2.448857003400917e-06
1641193593.7423067,15,0.0013810460222885013
1641193601.4684346,16,0.00026616762625053525
1641193608.9322066,17,0.00026227193302474916
1641193616.1633759,18,0.0005062726559117436
1641193623.3914776,19,0.0008371706935577095
1641193630.806237,20,0.0009244598913937807
1641193638.0259914,21,0.00474130641669035
1641193645.8145523,22,0.00503226974979043
1641193653.3424666,23,0.0049217320047318935
1641193660.840981,24,0.003653560532256961
1641193668.2333636,25,0.006215265486389399
1641193675.8267543,26,0.008228124119341373
1641193683.1554375,27,0.00946984626352787
1641193690.6205423,28,0.011565941385924816
1641193698.1692057,29,0.010967491194605827
1641193705.5891502,30,0.014737439341843128
1641193713.447314,31,0.009629572741687298
1641193720.901366,32,0.012255541980266571
1641193727.4491203,33,0.006061268970370293
1641193734.5519774,34,0.007350613828748465
1641193741.5972188,35,0.010179226286709309
1641193749.0303645,36,0.011471100151538849
1641193756.1442409,37,0.012620773166418076
1641193762.9485812,38,0.013312696479260921
1641193770.2490084,39,0.026414204388856888
1641193777.3649921,40,0.010040389373898506
1641193784.614385,41,0.020609550178050995
1641193792.038776,42,0.030195122584700584
1641193799.4420686,43,0.014373150654137135
1641193806.807437,44,0.03993399068713188
1641193814.5941412,45,0.04955289140343666
1641193822.1961198,46,0.04683873802423477
1641193828.974728,47,0.014841770753264427
1641193836.1293855,48,0.03625989332795143
1641193843.2753265,49,0.03342369943857193
1641193850.364004,50,0.047740090638399124
1641193857.8303514,51,0.06770108640193939
1641193865.454527,52,0.05382147803902626
1641193872.7548146,53,0.05978146567940712
1641193880.050742,54,0.09050797671079636
1641193887.5935402,55,0.05697861686348915
1641193894.8617344,56,0.037932369858026505
1641193902.1986806,57,0.09364853799343109
1641193909.4521031,58,0.10552839189767838
1641193916.9909873,59,0.07203509658575058
1641193924.391434,60,0.07228991389274597
1641193931.6484058,61,0.07914522290229797
1641193938.9281955,62,0.09530806541442871
1641193946.2196546,63,0.11727651953697205
1641193953.7951245,64,0.06342829018831253
1641193961.1612968,65,0.09863987565040588
1641193968.5602727,66,0.09911280125379562
1641193975.840223,67,0.03742506355047226
1641193983.3190517,68,0.12532910704612732
1641193990.603769,69,0.07006023079156876
1641193997.8126433,70,0.07094152271747589
1641194004.937969,71,0.10780899971723557
1641194012.241257,72,0.1186121329665184
1641194019.482362,73,0.13669872283935547
1641194027.0566213,74,0.1020551472902298
1641194034.364062,75,0.10693006962537766
1641194041.8723185,76,0.13184504210948944
1641194049.3689249,77,0.09448933601379395
1641194056.6059573,78,0.1602095365524292
1641194064.2279906,79,0.14880570769309998
1641194071.313751,80,0.06889227777719498
1641194078.3405747,81,0.16019876301288605
1641194085.854447,82,0.09015405178070068
1641194093.0930297,83,0.11335455626249313
1641194100.572806,84,0.08234503120183945
1641194107.8317518,85,0.10964453220367432
1641194115.0888243,86,0.19462989270687103
1641194122.5120986,87,0.18551896512508392
1641194129.9830618,88,0.19482716917991638
1641194137.13848,89,0.12942452728748322
1641194144.3305337,90,0.24543073773384094
1641194151.931368,91,0.2138971984386444
1641194159.3970695,92,0.15833239257335663
1641194166.5878654,93,0.20043855905532837
1641194173.8537467,94,0.2068219780921936
1641194181.0521653,95,0.19999194145202637
1641194188.4285877,96,0.17695781588554382
1641194195.6896844,97,0.15435810387134552
1641194202.9750884,98,0.15865613520145416
1641194210.226766,99,0.23892420530319214
1641194217.7076554,100,0.2041669636964798
1641194225.0394783,101,0.2218647301197052
1641194232.412998,102,0.12083790451288223
1641194239.6511605,103,0.15410195291042328
1641194246.9001043,104,0.23748987913131714
1641194254.1684759,105,0.1909528374671936
1641194261.4299133,106,0.25931864976882935
1641194269.0027273,107,0.23359890282154083
1641194276.3820982,108,0.25811636447906494
1641194283.865505,109,0.1909816414117813
1641194291.06263,110,0.2370876669883728
1641194298.3267462,111,0.2501039206981659
1641194305.5542123,112,0.20581352710723877
1641194312.7293005,113,0.2471320778131485
1641194319.9065764,114,0.27700138092041016
1641194327.4579773,115,0.221194326877594
1641194334.8184743,116,0.25011518597602844
1641194341.9888768,117,0.23520657420158386
1641194349.189091,118,0.24922028183937073
1641194356.4143195,119,0.267525315284729
1641194363.9346578,120,0.22637704014778137
1641194371.2289457,121,0.26364850997924805
1641194378.470038,122,0.22147957980632782
1641194385.8804753,123,0.25486117601394653
1641194393.0510345,124,0.25643083453178406
1641194400.3412557,125,0.24418437480926514
1641194407.5623772,126,0.17496177554130554
1641194414.7521393,127,0.2094523161649704
1641194421.9858127,128,0.2722608149051666
1641194429.1279285,129,0.1995379626750946
1641194436.2116315,130,0.24010324478149414
1641194443.5223372,131,0.2598295509815216
1641194450.8252654,132,0.24421054124832153
1641194458.1040814,133,0.2308935672044754
1641194465.2293417,134,0.2865140438079834
1641194472.4654186,135,0.31184932589530945
1641194479.9784706,136,0.2834756672382355
1641194487.1488113,137,0.29427817463874817
1641194494.6481936,138,0.25805166363716125
1641194501.9777737,139,0.280057430267334
1641194509.1660328,140,0.2854168713092804
1641194516.3950672,141,0.28675127029418945
1641194523.5616386,142,0.29202407598495483
1641194530.73249,143,0.32705503702163696
1641194538.2046678,144,0.3149483799934387
1641194545.3497646,145,0.3446500897407532
1641194552.5498774,146,0.34138256311416626
1641194559.8640094,147,0.3339814841747284
1641194567.3271163,148,0.2835882604122162
1641194574.6278033,149,0.3183269798755646
1641194581.8387682,150,0.3389396667480469
1641194589.086518,151,0.32858678698539734
1641194596.2784455,152,0.31510666012763977
1641194603.4670138,153,0.33806681632995605
1641194610.7722888,154,0.3290845453739166
1641194617.9069526,155,0.29372090101242065
1641194625.2084935,156,0.33069512248039246
1641194632.3620787,157,0.28695064783096313
1641194639.6582966,158,0.31763607263565063
1641194646.8791504,159,0.3209408223628998
1641194654.0154178,160,0.32732680439949036
1641194661.135769,161,0.35254207253456116
1641194668.2647724,162,0.35325783491134644
1641194675.411943,163,0.3380542993545532
1641194682.7848544,164,0.33978763222694397
1641194689.94928,165,0.3780188262462616
1641194697.387392,166,0.3081311881542206
1641194704.5051403,167,0.3225440979003906
1641194711.704095,168,0.33873796463012695
1641194719.0751598,169,0.3658471703529358
1641194726.2373388,170,0.3251517117023468
1641194733.4387453,171,0.3433273136615753
1641194740.7430573,172,0.3470158278942108
1641194747.8934336,173,0.3366367816925049
1641194755.0509336,174,0.3620172142982483
1641194762.456403,175,0.37169015407562256
1641194769.9342186,176,0.36433735489845276
1641194777.090796,177,0.367943674325943
1641194784.5780816,178,0.347194641828537
1641194791.7724073,179,0.3712811768054962
1641194799.120735,180,0.3735388517379761
1641194806.2333634,181,0.35054466128349304
1641194813.404378,182,0.3889663517475128
1641194820.7957828,183,0.3881581723690033
1641194827.9792547,184,0.3937452435493469
1641194835.388187,185,0.3754296600818634
1641194842.5295844,186,0.39714187383651733
1641194849.885046,187,0.38465094566345215
1641194857.228593,188,0.38593968749046326
1641194864.370431,189,0.4076686501502991
1641194871.5153751,190,0.41223371028900146
1641194878.5850754,191,0.4132794737815857
1641194885.9949925,192,0.40450629591941833
1641194893.1346805,193,0.4247898459434509
1641194900.299996,194,0.4046855568885803
1641194907.4236753,195,0.4114009737968445
1641194914.7212472,196,0.41983333230018616
1641194921.8561969,197,0.386780321598053
1641194928.9764593,198,0.4058176279067993
1641194936.1053553,199,0.4160286784172058
1641194943.2226214,200,0.4204869568347931
1641194950.3557985,201,0.42776650190353394
1641194957.7550843,202,0.3998528718948364
1641194964.9506211,203,0.40577855706214905
1641194972.271993,204,0.4108501076698303
1641194979.3552773,205,0.41628867387771606
1641194986.5967937,206,0.4194934070110321
1641194993.830725,207,0.415677934885025
1641195000.9730117,208,0.4289872348308563
1641195008.481261,209,0.4212070107460022
1641195015.5699632,210,0.4381257891654968
1641195022.7727842,211,0.4339609444141388
1641195029.897425,212,0.44492173194885254
1641195037.1923912,213,0.42903468012809753
1641195044.2624192,214,0.43838533759117126
1641195051.33658,215,0.445539265871048
1641195058.470199,216,0.4372495114803314
1641195065.5516746,217,0.4405258893966675
1641195072.6997435,218,0.4296756982803345
1641195080.021418,219,0.4331369400024414
1641195087.1180046,220,0.4396502673625946
1641195094.1956992,221,0.45302918553352356
1641195101.5322652,222,0.4488849937915802
1641195108.8659968,223,0.4554270803928375
1641195116.2196925,224,0.45198193192481995
1641195123.3069358,225,0.435675710439682
1641195130.5062757,226,0.43076714873313904
1641195137.741938,227,0.4318344295024872
1641195144.7838025,228,0.4473126232624054
1641195151.8774772,229,0.4574720859527588
1641195158.931262,230,0.4432564079761505
1641195166.0284255,231,0.45873862504959106
1641195173.2645774,232,0.45285266637802124
1641195180.4130168,233,0.43592891097068787
1641195187.5029564,234,0.4666169285774231
1641195194.6926637,235,0.4594265818595886
1641195201.9494567,236,0.4599103629589081
1641195208.9976313,237,0.45772016048431396
1641195216.0405822,238,0.46101364493370056
1641195223.1243167,239,0.4655236005783081
1641195230.17896,240,0.46781498193740845
1641195237.20955,241,0.4574500024318695
1641195244.3100753,242,0.4865533113479614
1641195251.7006721,243,0.48163750767707825
1641195258.962302,244,0.48532065749168396
1641195265.9884725,245,0.4786899983882904
1641195273.0855513,246,0.49007928371429443
1641195280.409507,247,0.4932314455509186
1641195287.5113559,248,0.5029817819595337
1641195294.6173885,249,0.4988082945346832
1641195301.6689136,250,0.5007737278938293
1641195308.8270848,251,0.5095866322517395
1641195316.0086577,252,0.5083684325218201
1641195323.0194576,253,0.4992932677268982
1641195330.0421715,254,0.5117372870445251
1641195337.354402,255,0.514375627040863
1641195344.7492807,256,0.5112531185150146
1641195352.0067077,257,0.521770179271698
1641195359.1131523,258,0.5221540927886963
1641195366.162435,259,0.5276092290878296
1641195373.2201095,260,0.5279066562652588
1641195380.491054,261,0.5393643379211426
1641195387.7419658,262,0.5321856141090393
1641195394.7193713,263,0.5270016193389893
1641195402.043545,264,0.5314309597015381
1641195409.0256534,265,0.5318138003349304
1641195416.3062115,266,0.5347077250480652
1641195423.3174644,267,0.5341721773147583
1641195430.3705826,268,0.5378290414810181
1641195437.4766953,269,0.5364027619361877
1641195444.476242,270,0.5387202501296997
1641195451.5446277,271,0.5264468193054199
1641195458.5480652,272,0.5281881093978882
1641195465.5849886,273,0.5287498831748962
1641195472.6865616,274,0.5304596424102783
1641195479.7236104,275,0.5242081880569458
1641195486.7551641,276,0.5387412905693054
1641195493.9138103,277,0.5206617712974548
1641195500.8761928,278,0.5411518216133118
1641195507.9861133,279,0.5468384027481079
1641195515.020018,280,0.5261920690536499
1641195522.0629718,281,0.5308228731155396
1641195529.0706136,282,0.5396419167518616
1641195536.194749,283,0.5428533554077148
1641195543.273084,284,0.5635153651237488
1641195550.3970747,285,0.5620020627975464
1641195557.8447814,286,0.5536832213401794
1641195564.866517,287,0.5559074282646179
1641195571.8963912,288,0.5556373596191406
1641195579.160197,289,0.5332176685333252
1641195586.140256,290,0.5432332754135132
1641195593.1771934,291,0.5558912754058838
1641195600.14119,292,0.5456013679504395
1641195607.069222,293,0.5477501749992371
1641195614.0799701,294,0.5690819621086121
1641195621.4674683,295,0.5586352348327637
1641195628.4905474,296,0.5417032837867737
1641195635.5331738,297,0.5594968795776367
1641195642.5745287,298,0.5569921135902405
1641195649.6459496,299,0.5478255748748779
1641195656.6174197,300,0.5568521618843079
1641195663.6562083,301,0.5731256008148193
1641195670.7711403,302,0.5691283345222473
1641195677.8866076,303,0.5581543445587158
1641195684.8992262,304,0.5473484992980957
1641195691.893312,305,0.5599300861358643
1641195698.7935264,306,0.55183345079422
1641195705.697322,307,0.5583916306495667
1641195712.749294,308,0.5627962350845337
1641195719.6107893,309,0.5647624731063843
1641195726.505099,310,0.5667813420295715
1641195733.3695405,311,0.573464572429657
1641195740.4432147,312,0.567656397819519
1641195747.3409324,313,0.5659500360488892
1641195754.2892714,314,0.5557602643966675
1641195761.2434626,315,0.5655505657196045
1641195768.1687746,316,0.5723897218704224
1641195775.1212733,317,0.5714524984359741
1641195782.0660694,318,0.5737860202789307
1641195788.9271379,319,0.5775887966156006
1641195795.9780939,320,0.5854160189628601
1641195802.8574328,321,0.5794745087623596
1641195809.7650583,322,0.5886968374252319
1641195816.678036,323,0.5912083387374878
1641195823.6210382,324,0.5857141613960266
1641195830.5049474,325,0.5892207622528076
1641195837.4754732,326,0.5841552019119263
1641195844.4524634,327,0.5777309536933899
1641195851.56882,328,0.589434027671814
1641195858.519707,329,0.5825690031051636
1641195865.4575572,330,0.6013721227645874
1641195872.6554246,331,0.6094151139259338
1641195879.8951485,332,0.6133317351341248
1641195887.1267555,333,0.6142237782478333
1641195894.0667343,334,0.5903493165969849
1641195900.9845197,335,0.5987449884414673
1641195908.0703373,336,0.5950925946235657
1641195915.0267863,337,0.5986037850379944
1641195921.9907477,338,0.6099282503128052
1641195929.1891675,339,0.6094421148300171
1641195936.1757905,340,0.6000300645828247
1641195943.11513,341,0.5896522998809814
1641195950.0495481,342,0.5953174233436584
1641195957.2839546,343,0.6102614402770996
1641195964.6492574,344,0.6126900315284729
1641195971.5587876,345,0.6046733260154724
1641195978.4672668,346,0.6208356022834778
1641195985.675237,347,0.6133131980895996
1641195992.8170705,348,0.6164631843566895
1641195999.7261753,349,0.6146243214607239
1641196006.6765587,350,0.615081250667572
1641196013.5403914,351,0.6137495636940002
1641196020.571973,352,0.6238881945610046
1641196027.4446285,353,0.6170627474784851
1641196034.3406734,354,0.6306695342063904
1641196041.5416226,355,0.6207565069198608
1641196048.4426908,356,0.6227596402168274
1641196055.3506777,357,0.6334131956100464
1641196062.2778234,358,0.6316373944282532
1641196069.2113595,359,0.608852744102478
1641196076.051864,360,0.6348228454589844
1641196082.9735236,361,0.6298153400421143
1641196089.8017027,362,0.6372309923171997
1641196096.6050508,363,0.6365250945091248
1641196103.471104,364,0.636662483215332
1641196110.3113594,365,0.6362177133560181
1641196117.1444178,366,0.6331349611282349
1641196123.9916449,367,0.6365325450897217
1641196130.8374739,368,0.6302107572555542
1641196137.8172019,369,0.6287201642990112
1641196144.7567852,370,0.6307777166366577
1641196151.613575,371,0.6408060193061829
1641196158.5460832,372,0.6466500163078308
1641196165.4062757,373,0.6381363272666931
1641196172.2777798,374,0.6426506638526917
1641196179.1510992,375,0.6489275693893433
1641196186.053732,376,0.6496375799179077
1641196192.8483553,377,0.6423957347869873
1641196199.8900857,378,0.6415451765060425
1641196206.684747,379,0.637173593044281
1641196213.506288,380,0.6422814726829529
1641196220.2985806,381,0.6424474716186523
1641196227.1616478,382,0.666550874710083
1641196234.292067,383,0.6688587069511414
1641196241.1553385,384,0.6723299026489258
1641196247.9753673,385,0.6609639525413513
1641196254.9527717,386,0.6560022830963135
1641196261.8171864,387,0.6594293713569641
1641196268.6601841,388,0.6650980710983276
1641196275.5192595,389,0.6659805178642273
1641196282.2970593,390,0.6597321033477783
1641196289.1093826,391,0.6553064584732056
1641196295.9402256,392,0.6523838639259338
1641196302.780142,393,0.6608741879463196
1641196309.5849912,394,0.6539422273635864
1641196316.5104609,395,0.6539131999015808
1641196323.4834516,396,0.6455749273300171
1641196330.4216306,397,0.6518775820732117
1641196337.24107,398,0.6455544233322144
1641196344.157977,399,0.6681680679321289
1641196350.9504683,400,0.6635177731513977
1641196357.8685825,401,0.660930335521698
1641196364.677178,402,0.6623594164848328
1641196371.595273,403,0.6645967960357666
1641196378.4284172,404,0.6643492579460144
1641196385.2445118,405,0.6593725085258484
1641196392.026972,406,0.6629292368888855
1641196398.857499,407,0.6701318621635437
1641196405.7104063,408,0.6705410480499268
1641196412.5747733,409,0.680761456489563
1641196419.3771148,410,0.6632760763168335
1641196426.1664908,411,0.6705021262168884
1641196433.2351248,412,0.6769852638244629
1641196440.008243,413,0.6628124117851257
1641196446.912445,414,0.6666209697723389
1641196453.7210872,415,0.6777018904685974
1641196460.5187826,416,0.6859093904495239
1641196467.305348,417,0.680325448513031
1641196474.3463418,418,0.6739701628684998
1641196481.2081926,419,0.6870837807655334
1641196488.095477,420,0.6953252553939819
1641196494.8770409,421,0.6902374029159546
1641196501.6195955,422,0.6951854825019836
1641196508.6443627,423,0.6878975033760071
1641196515.706781,424,0.6881545186042786
1641196522.608619,425,0.6802420616149902
1641196529.3925827,426,0.692348062992096
1641196536.149,427,0.6850775480270386
1641196543.1053023,428,0.6708573698997498
1641196549.8327382,429,0.6679521203041077
1641196556.6700659,430,0.6817606091499329
1641196563.437637,431,0.6859250664710999
1641196570.2789814,432,0.682334840297699
1641196577.0247371,433,0.6812334656715393
1641196583.8255227,434,0.6952595114707947
1641196590.6046922,435,0.6974088549613953
1641196597.421442,436,0.6928139328956604
1641196604.319339,437,0.6902837157249451
1641196611.1151192,438,0.6925240755081177
1641196617.8613725,439,0.6857937574386597
1641196624.628828,440,0.6903156042098999
1641196631.4252975,441,0.6908588409423828
1641196638.2786748,442,0.6936297416687012
1641196645.0196526,443,0.6942480802536011
1641196651.760985,444,0.6969413757324219
1641196658.5991585,445,0.6973637342453003
1641196665.5482736,446,0.7065064311027527
1641196672.3033986,447,0.7027208209037781
1641196679.0706801,448,0.7086520195007324
1641196691.0918639,449,0.7108923196792603
1641196920.9049888,0,0.6875444054603577
1641196928.3050015,1,0.6908667683601379
1641196935.4183214,2,0.6932874321937561
1641196942.612384,3,0.6949126720428467
1641196950.1927006,4,0.6961876153945923
1641196957.7290568,5,0.6906149387359619
1641196964.82273,6,0.6954017281532288
1641196971.9567766,7,0.6980563402175903
1641196979.0234246,8,0.6947071552276611
1641196986.109224,9,0.6979471445083618
1641196993.4694002,10,0.6878228783607483
1641197000.5046804,11,0.691330075263977
1641197007.750494,12,0.6892244815826416
1641197014.613467,13,0.697491466999054
1641197021.4805856,14,0.6910365223884583
1641197028.4292595,15,0.6909608840942383
1641197035.2820868,16,0.6967459917068481
1641197042.1308577,17,0.6937069296836853
1641197049.154756,18,0.6871791481971741
1641197056.0408723,19,0.6940851211547852
1641197063.1246247,20,0.6823527812957764
1641197069.981084,21,0.6886268854141235
1641197076.87299,22,0.6910114884376526
1641197083.7500842,23,0.6871594190597534
1641197090.6302693,24,0.6930913925170898
1641197097.4455788,25,0.6935542225837708
1641197104.5997646,26,0.6972460150718689
1641197111.454015,27,0.6995459794998169
1641197118.388104,28,0.6862635612487793
1641197125.3557143,29,0.6695314645767212
1641197132.3062346,30,0.6817809343338013
1641197139.174507,31,0.6993240714073181
1641197146.1009393,32,0.6796833276748657
1641197152.938991,33,0.6973678469657898
1641197159.8005967,34,0.6930112838745117
1641197166.7043014,35,0.6831964254379272
1641197173.5955293,36,0.6880265474319458
1641197180.672496,37,0.6385353803634644
1641197187.5808017,38,0.6694948673248291
1641197194.3523352,39,0.6891132593154907
1641197201.1587005,40,0.6726323366165161
1641197207.9630144,41,0.674675703048706
1641197214.846158,42,0.6762871146202087
1641197221.6453915,43,0.6384447813034058
1641197228.4877737,44,0.6251773834228516
1641197235.5883784,45,0.661841094493866
1641197242.4086757,46,0.6106662154197693
1641197249.2039902,47,0.6743770241737366
1641197256.1082013,48,0.6655808091163635
1641197262.9189706,49,0.6731083989143372
1641197269.7910988,50,0.6881118416786194
1641197276.6693246,51,0.6853488087654114
1641197283.538127,52,0.6975594758987427
1641197290.3926115,53,0.6759963631629944
1641197297.4654307,54,0.6847074627876282
1641197304.3148446,55,0.6848628520965576
1641197311.187069,56,0.6787816882133484
1641197318.1992157,57,0.6687866449356079
1641197325.046358,58,0.6913768649101257
1641197332.0028126,59,0.688562273979187
1641197339.0053437,60,0.6734728217124939
1641197345.8330417,61,0.691506028175354
1641197352.6639557,62,0.6809383034706116
1641197359.7403862,63,0.6984895467758179
1641197366.6032267,64,0.6755200028419495
1641197373.509523,65,0.688072919845581
1641197380.488923,66,0.5982846617698669
1641197387.3855655,67,0.6000640392303467
1641197394.275392,68,0.6699672341346741
1641197401.2848263,69,0.5955727696418762
1641197408.4047852,70,0.6722882986068726
1641197415.314943,71,0.6919018030166626
1641197422.2570143,72,0.6767269372940063
1641197429.1845913,73,0.6122291088104248
1641197436.050444,74,0.6660603284835815
1641197442.9341063,75,0.6533955931663513
1641197449.9900446,76,0.6338310837745667
1641197456.8908565,77,0.6175554394721985
1641197463.9473672,78,0.6548577547073364
1641197471.0037572,79,0.6003332734107971
1641197477.986873,80,0.5045921206474304
1641197484.9439986,81,0.6188694834709167
1641197491.8039014,82,0.5500842332839966
1641197498.5999894,83,0.604922354221344
1641197505.6054072,84,0.6482284069061279
1641197512.5122647,85,0.5846143364906311
1641197519.4679623,86,0.6319706439971924
1641197526.5585923,87,0.6723178625106812
1641197533.499345,88,0.6661396622657776
1641197540.532493,89,0.6682870388031006
1641197547.5673563,90,0.680203914642334
1641197554.4302967,91,0.6818186044692993
1641197561.3421218,92,0.6862804889678955
1641197568.2478635,93,0.6489662528038025
1641197575.217194,94,0.6956692934036255
1641197582.2086098,95,0.6662322878837585
1641197589.1117814,96,0.7015217542648315
1641197596.069626,97,0.6427794098854065
1641197603.0197973,98,0.6815264225006104
1641197609.9628253,99,0.6955508589744568
1641197616.9301605,100,0.7011703252792358
1641197623.8785603,101,0.6848428845405579
1641197630.863067,102,0.7125301361083984
1641197637.7293513,103,0.7203391194343567
1641197644.760584,104,0.7031810283660889
1641197651.6170464,105,0.6808817386627197
1641197658.4900603,106,0.6961720585823059
1641197665.368415,107,0.710839569568634
1641197672.327307,108,0.7243521809577942
1641197679.219112,109,0.6969373226165771
1641197686.2412183,110,0.7173898220062256
1641197693.133403,111,0.7360334396362305
1641197700.44997,112,0.743869423866272
1641197707.5797632,113,0.7184007167816162
1641197714.4435651,114,0.7335368394851685
1641197721.258303,115,0.7332878708839417
1641197728.1794791,116,0.7045143842697144
1641197735.1393497,117,0.714579701423645
1641197741.9960647,118,0.7227106094360352
1641197749.0559826,119,0.7323411703109741
1641197755.9892461,120,0.7006686329841614
1641197762.876441,121,0.7221150994300842
1641197769.7155538,122,0.7339617609977722
1641197776.9661198,123,0.7154014110565186
1641197783.8750978,124,0.7293996810913086
1641197790.748673,125,0.7303520441055298
1641197797.7052085,126,0.6991137862205505
1641197804.6283455,127,0.7133415341377258
1641197811.6315818,128,0.7586261034011841
1641197818.7660043,129,0.7101708054542542
1641197825.606655,130,0.7466504573822021
1641197832.453915,131,0.7552542090415955
1641197839.3644586,132,0.7352223992347717
1641197846.1454654,133,0.7130634784698486
1641197853.021794,134,0.7517392039299011
1641197859.8811543,135,0.7217214107513428
1641197866.893069,136,0.7141676545143127
1641197873.7824678,137,0.7504947781562805
1641197880.7206762,138,0.7248172163963318
1641197887.5590174,139,0.7580979466438293
1641197894.3820055,140,0.739128053188324
1641197901.1782033,141,0.772179901599884
1641197908.3019614,142,0.7518275380134583
1641197915.1362274,143,0.7756387591362
1641197921.9395251,144,0.7602976560592651
1641197928.9150996,145,0.7425798177719116
1641197935.74558,146,0.784736692905426
1641197942.7417736,147,0.77646803855896
1641197949.5991652,148,0.7315521836280823
1641197956.4178247,149,0.7636123299598694
1641197963.2136772,150,0.7547527551651001
1641197970.0482795,151,0.774989664554596
1641197976.8706083,152,0.7617332339286804
1641197983.9606392,153,0.7709447741508484
1641197990.7475245,154,0.7366751432418823
1641197997.5554798,155,0.7367038726806641
1641198004.3467224,156,0.774915874004364
1641198011.1296132,157,0.7569684386253357
1641198018.1359036,158,0.7904094457626343
1641198025.158702,159,0.7885341644287109
1641198031.9399076,160,0.7785378098487854
1641198038.934794,161,0.7912058234214783
1641198045.7132902,162,0.7897124290466309
1641198052.4693627,163,0.792753279209137
1641198059.2570746,164,0.7910058498382568
1641198066.1487515,165,0.784535825252533
1641198072.884038,166,0.8037081956863403
1641198079.9177485,167,0.7895635962486267
1641198086.7898026,168,0.7917846441268921
1641198093.836328,169,0.7876359820365906
1641198100.6107097,170,0.765232264995575
1641198107.4418569,171,0.7757629752159119
1641198114.2050757,172,0.8037967085838318
1641198121.0834036,173,0.7851776480674744
1641198127.9110024,174,0.787763774394989
1641198134.7093234,175,0.7917885184288025
1641198141.4661145,176,0.7905948162078857
1641198148.233252,177,0.7952151298522949
1641198155.1666522,178,0.8012406229972839
1641198161.874663,179,0.7962148785591125
1641198168.6829548,180,0.7861015796661377
1641198175.4865851,181,0.7765675187110901
1641198182.2704923,182,0.7974507808685303
1641198189.3428156,183,0.7983646988868713
1641198196.1157932,184,0.7925236821174622
1641198202.9211075,185,0.805902898311615
1641198209.850351,186,0.8106658458709717
1641198216.6357815,187,0.8141631484031677
1641198223.4940536,188,0.8033944368362427
1641198230.2737064,189,0.7891876101493835
1641198237.0418186,190,0.7946463823318481
1641198243.8057332,191,0.7863895297050476
1641198250.5949469,192,0.7992457151412964
1641198257.4037378,193,0.8065010905265808
1641198264.1513798,194,0.7972156405448914
1641198271.0599277,195,0.7978196144104004
1641198277.8929532,196,0.8271100521087646
1641198284.7009435,197,0.8043340444564819
1641198291.4918482,198,0.803749144077301
1641198298.385959,199,0.817765474319458
1641198305.1627812,200,0.8116836547851562
1641198311.96775,201,0.8268816471099854
1641198318.9648244,202,0.8223650455474854
1641198325.8667061,203,0.8198153376579285
1641198332.6646194,204,0.8246756792068481
1641198339.4389677,205,0.8217471241950989
1641198346.287731,206,0.8213623762130737
1641198353.055081,207,0.8190429210662842
1641198359.9663186,208,0.8259995579719543
1641198367.0014303,209,0.7991020083427429
1641198373.7367568,210,0.8194932341575623
1641198380.6406186,211,0.8233674764633179
1641198387.413509,212,0.8334167003631592
1641198394.1843588,213,0.7931538820266724
1641198400.9005282,214,0.832282304763794
1641198407.7240636,215,0.8400132060050964
1641198414.6069648,216,0.8171142339706421
1641198421.3721113,217,0.8391695022583008
1641198428.1639414,218,0.8204153180122375
1641198434.9333923,219,0.8108166456222534
1641198441.8646162,220,0.8247816562652588
1641198448.5768695,221,0.8110659122467041
1641198455.2954595,222,0.8420133590698242
1641198462.3158693,223,0.8258190155029297
1641198469.115007,224,0.8239079117774963
1641198475.830268,225,0.8336144089698792
1641198482.673152,226,0.8244703412055969
1641198489.4548974,227,0.8284574151039124
1641198496.262053,228,0.8215595483779907
1641198503.173105,229,0.8315640687942505
1641198509.9287543,230,0.8325091600418091
1641198516.6709347,231,0.8313617706298828
1641198523.4207613,232,0.8332008123397827
1641198530.1346757,233,0.8436096906661987
1641198536.8776717,234,0.83953458070755
1641198543.6957946,235,0.8335365653038025
1641198550.4485414,236,0.8407161235809326
1641198557.161237,237,0.8095100522041321
1641198563.9796839,238,0.8159824013710022
1641198570.7029514,239,0.827344536781311
1641198577.4134786,240,0.8380587697029114
1641198584.1600606,241,0.823901891708374
1641198590.8992279,242,0.8454430103302002
1641198597.6374557,243,0.8422598242759705
1641198604.437549,244,0.8489596843719482
1641198611.1631925,245,0.8253182172775269
1641198617.8739989,246,0.8627914190292358
1641198624.731444,247,0.8426953554153442
1641198631.442008,248,0.8519109487533569
1641198638.2505672,249,0.8551142811775208
1641198644.9521675,250,0.8534516096115112
1641198651.6301131,251,0.8502426743507385
1641198658.337512,252,0.8537517786026001
1641198665.0772507,253,0.838817834854126
1641198671.7969866,254,0.8482193350791931
1641198678.5182965,255,0.850867509841919
1641198685.4967773,256,0.8543510437011719
1641198692.1629875,257,0.8573368787765503
1641198698.8432407,258,0.8605586290359497
1641198705.6061063,259,0.8507658839225769
1641198712.3137355,260,0.8552247285842896
1641198719.1083136,261,0.8412307500839233
1641198725.9499483,262,0.8612350225448608
1641198732.6464617,263,0.8551412224769592
1641198739.4485965,264,0.8487135171890259
1641198746.2895029,265,0.8533591032028198
1641198753.4022322,266,0.8527077436447144
1641198760.113282,267,0.8422887325286865
1641198766.8533814,268,0.8567320108413696
1641198773.5423408,269,0.8574091196060181
1641198780.2500944,270,0.8644100427627563
1641198786.9337938,271,0.8575130701065063
1641198793.6739151,272,0.864709734916687
1641198800.3552432,273,0.8598639369010925
1641198807.2555735,274,0.8626948595046997
1641198813.9072304,275,0.8471707105636597
1641198820.6136134,276,0.8582689166069031
1641198827.3068154,277,0.845802366733551
1641198834.0130668,278,0.8631162643432617
1641198840.7105901,279,0.8587268590927124
1641198847.4535317,280,0.8501015901565552
1641198854.1529748,281,0.8632293939590454
1641198860.947044,282,0.8591691255569458
1641198867.5384562,283,0.866344153881073
1641198874.2168205,284,0.8673559427261353
1641198880.9463453,285,0.855355441570282
1641198887.5973125,286,0.8670197129249573
1641198894.3091013,287,0.877372145652771
1641198901.2210495,288,0.873458743095398
1641198908.0464082,289,0.8695225119590759
1641198914.86999,290,0.8643392324447632
1641198921.5226195,291,0.8656191825866699
1641198928.256579,292,0.8758253455162048
1641198934.9346783,293,0.8722079396247864
1641198941.6130955,294,0.8754238486289978
1641198948.270626,295,0.8675816655158997
1641198954.9993105,296,0.8626667261123657
1641198961.8059702,297,0.873882532119751
1641198968.590311,298,0.8834013342857361
1641198975.2536478,299,0.8715574145317078
1641198981.948469,300,0.8764589428901672
1641198988.619635,301,0.877018928527832
1641198995.5249708,302,0.8785991668701172
1641199002.1837912,303,0.866091787815094
1641199009.0072591,304,0.8722424507141113
1641199015.761968,305,0.874485969543457
1641199022.529894,306,0.8567110300064087
1641199029.242419,307,0.8553160429000854
1641199035.933559,308,0.8737522959709167
1641199042.5310912,309,0.8625055551528931
1641199049.1184347,310,0.8786588907241821
1641199055.773186,311,0.8849764466285706
1641199062.6823213,312,0.873979926109314
1641199069.3007064,313,0.8792014718055725
1641199076.1988266,314,0.8512025475502014
1641199082.906167,315,0.8500174880027771
1641199089.5498078,316,0.8724328875541687
1641199096.1694841,317,0.8635324239730835
1641199102.8118627,318,0.8774486780166626
1641199109.4210188,319,0.8911184072494507
1641199116.0976894,320,0.8896524310112
1641199122.800239,321,0.8904356956481934
1641199129.4215448,322,0.8678343296051025
1641199136.1779792,323,0.8646485209465027
1641199142.931115,324,0.8779194355010986
1641199149.5373185,325,0.8717406988143921
1641199156.1733022,326,0.8849780559539795
1641199162.811621,327,0.8823825716972351
1641199169.4900644,328,0.873787522315979
1641199176.1048148,329,0.88922119140625
1641199182.8163998,330,0.8700312376022339
1641199189.5540068,331,0.8926332592964172
1641199196.2227936,332,0.8991526365280151
1641199202.828715,333,0.8791730999946594
1641199209.4896204,334,0.8837938904762268
1641199216.0842843,335,0.8819103240966797
1641199222.734695,336,0.8852179050445557
1641199229.3552876,337,0.8836596012115479
1641199236.113099,338,0.8940994143486023
1641199243.0781827,339,0.8968872427940369
1641199249.7460577,340,0.8934992551803589
1641199256.3600664,341,0.8968943953514099
1641199263.4944615,342,0.8961673974990845
1641199270.128659,343,0.8993774056434631
1641199276.834574,344,0.9043551683425903
1641199283.4183264,345,0.8989834189414978
1641199290.092714,346,0.912719190120697
1641199297.1610646,347,0.9131624698638916
1641199303.7960799,348,0.901934802532196
1641199310.4439783,349,0.9098554849624634
1641199317.0768368,350,0.8969168663024902
1641199323.732429,351,0.8979763984680176
1641199330.3636782,352,0.8908936381340027
1641199337.0119002,353,0.8968641757965088
1641199343.6651187,354,0.9035240411758423
1641199350.2772937,355,0.8984728455543518
1641199357.0909545,356,0.9034430384635925
1641199363.828123,357,0.9123827219009399
1641199370.5423632,358,0.9016571044921875
1641199377.1791775,359,0.8971590399742126
1641199383.862201,360,0.8994856476783752
1641199390.4475572,361,0.8980371356010437
1641199397.038387,362,0.8868101239204407
1641199403.6376867,363,0.906414806842804
1641199410.4275594,364,0.9092272520065308
1641199417.044011,365,0.9027180671691895
1641199423.6681461,366,0.9012361168861389
1641199430.2810535,367,0.8982905149459839
1641199436.9099445,368,0.893528938293457
1641199443.5201962,369,0.9159086346626282
1641199450.0899951,370,0.8894124627113342
1641199456.75394,371,0.8886679410934448
1641199463.5158904,372,0.9095499515533447
1641199470.0996373,373,0.9115750193595886
1641199476.6475563,374,0.9071540832519531
1641199483.2444394,375,0.9027876853942871
1641199489.8978875,376,0.9077712297439575
1641199496.5944917,377,0.9026068449020386
1641199503.223699,378,0.9091418385505676
1641199509.7901683,379,0.9111230969429016
1641199516.4041061,380,0.9096546769142151
1641199523.1647391,381,0.9213457703590393
1641199529.7542074,382,0.9201690554618835
1641199536.427709,383,0.9065963625907898
1641199543.0349953,384,0.9089682698249817
1641199549.648242,385,0.906231701374054
1641199556.2413335,386,0.9000625610351562
1641199562.8185637,387,0.9060786962509155
1641199569.5740697,388,0.905949592590332
1641199576.293701,389,0.9041557908058167
1641199582.9409673,390,0.8887166976928711
1641199589.5308635,391,0.891793429851532
1641199596.2920918,392,0.9043107032775879
1641199602.893394,393,0.8994967937469482
1641199609.4936051,394,0.8976839780807495
1641199616.0751836,395,0.8937560319900513
1641199622.7111433,396,0.899450957775116
1641199629.52378,397,0.8966550827026367
1641199636.1473846,398,0.9035077691078186
1641199642.732114,399,0.9101355671882629
1641199649.452419,400,0.9047622680664062
1641199656.0378094,401,0.9079952836036682
1641199662.614896,402,0.9140411019325256
1641199669.2190917,403,0.9115658402442932
1641199675.849738,404,0.9031841158866882
1641199682.532985,405,0.8980723023414612
1641199689.0737329,406,0.9017599821090698
1641199695.6822095,407,0.905610978603363
1641199702.3160098,408,0.9038692712783813
1641199708.8633864,409,0.9089084267616272
1641199715.4181623,410,0.8952105045318604
1641199722.0258846,411,0.9039217233657837
1641199728.6684234,412,0.9068254828453064
1641199735.383484,413,0.8941646218299866
1641199741.970716,414,0.8983922600746155
1641199748.5422225,415,0.9033529758453369
1641199755.1800475,416,0.9080080986022949
1641199761.7818954,417,0.9021540880203247
1641199768.3449461,418,0.9172925353050232
1641199774.9926784,419,0.9270083904266357
1641199781.6009805,420,0.9140157103538513
1641199788.3873444,421,0.9003089666366577
1641199794.9312134,422,0.9170956015586853
1641199801.6723242,423,0.9132824540138245
1641199808.6026053,424,0.9120511412620544
1641199815.1960883,425,0.9112305641174316
1641199821.7866576,426,0.915469765663147
1641199828.341562,427,0.9055771827697754
1641199834.9809704,428,0.908560037612915
1641199841.5581276,429,0.9136102795600891
1641199848.3700821,430,0.9160391092300415
1641199854.8941417,431,0.9112317562103271
1641199861.534988,432,0.9019709229469299
1641199868.1337645,433,0.9147211909294128
1641199874.7201676,434,0.9160299897193909
1641199881.2703228,435,0.9165077805519104
1641199887.8986726,436,0.9202757477760315
1641199894.5031636,437,0.9115505218505859
1641199901.1289778,438,0.9251883625984192
1641199907.837463,439,0.9224058389663696
1641199914.4567804,440,0.910851776599884
1641199921.009471,441,0.9168933629989624
1641199927.565333,442,0.8997309803962708
1641199934.1549132,443,0.9088210463523865
1641199940.824692,444,0.9237536191940308
1641199947.5239084,445,0.9065696597099304
1641199954.1770082,446,0.9225925803184509
1641199960.8267195,447,0.9234015941619873
1641199967.5789587,448,0.926683247089386
1641199979.2561805,449,0.9213593006134033
1641200204.9208977,0,0.9103972315788269
1641200211.9788127,1,0.9063258767127991
1641200218.7663264,2,0.9082955718040466
1641200225.898456,3,0.9159533381462097
1641200233.2547212,4,0.9159380197525024
1641200240.3499243,5,0.914139449596405
1641200247.245983,6,0.9139869213104248
1641200254.0139756,7,0.9158099889755249
1641200260.895005,8,0.9165903925895691
1641200267.8300772,9,0.9173429012298584
1641200274.6604931,10,0.9173440933227539
1641200281.492714,11,0.9172208309173584
1641200288.369589,12,0.9122313857078552
1641200295.2352858,13,0.9094234108924866
1641200302.1021752,14,0.9190883040428162
1641200308.7973614,15,0.9234943985939026
1641200315.4736083,16,0.917911946773529
1641200322.2439368,17,0.9234229922294617
1641200328.9680302,18,0.918849527835846
1641200335.683591,19,0.9182639122009277
1641200342.4730546,20,0.9138035178184509
1641200349.2902548,21,0.9147003889083862
1641200356.0009966,22,0.918034017086029
1641200362.7868767,23,0.9151611924171448
1641200369.5137303,24,0.9115639328956604
1641200376.216334,25,0.9227257966995239
1641200383.331588,26,0.9196840524673462
1641200390.1058648,27,0.9287462830543518
1641200396.8531218,28,0.9151058793067932
1641200403.720923,29,0.8931788206100464
1641200410.4956048,30,0.9133230447769165
1641200417.2283564,31,0.9204921126365662
1641200423.9393735,32,0.8919526934623718
1641200430.591053,33,0.8933577537536621
1641200437.2705636,34,0.9143330454826355
1641200444.0072803,35,0.918847382068634
1641200450.684353,36,0.9120294451713562
1641200457.4496613,37,0.887393057346344
1641200464.3325999,38,0.9293749928474426
1641200471.2310941,39,0.9233062267303467
1641200477.893908,40,0.910896897315979
1641200484.527283,41,0.9069432020187378
1641200491.2301958,42,0.9108017683029175
1641200497.9378762,43,0.9109185934066772
1641200504.591827,44,0.8973664045333862
1641200511.28061,45,0.9052087068557739
1641200518.1237707,46,0.8544161915779114
1641200524.8365629,47,0.9280957579612732
1641200531.5929203,48,0.922497570514679
1641200538.2867098,49,0.9220194816589355
1641200544.9635499,50,0.9172420501708984
1641200551.7301602,51,0.9131191968917847
1641200558.435976,52,0.9145283699035645
1641200565.146561,53,0.9343791007995605
1641200571.890357,54,0.9180968999862671
1641200578.8262916,55,0.9246478080749512
1641200585.5723727,56,0.9191516637802124
1641200592.4455063,57,0.9037191867828369
1641200599.2767289,58,0.9223302602767944
1641200606.0952127,59,0.8968013525009155
1641200612.8671966,60,0.9095951318740845
1641200619.5733936,61,0.9111089110374451
1641200626.2899036,62,0.9052486419677734
1641200633.2104151,63,0.9074497818946838
1641200639.9220486,64,0.8819977641105652
1641200646.6077335,65,0.9149691462516785
1641200653.3130095,66,0.8140074014663696
1641200660.056797,67,0.8545705080032349
1641200666.8392243,68,0.8916811347007751
1641200673.585927,69,0.8638137578964233
1641200680.3224185,70,0.8766308426856995
1641200686.9864554,71,0.9171836376190186
1641200693.8840673,72,0.8994647860527039
1641200700.537561,73,0.9134693145751953
1641200707.2177377,74,0.8287374973297119
1641200713.8794935,75,0.8924509882926941
1641200720.6108947,76,0.9110230207443237
1641200727.3016877,77,0.8885633945465088
1641200734.0482316,78,0.9385712146759033
1641200740.699391,79,0.9257961511611938
1641200747.5997825,80,0.9117369055747986
1641200754.3041124,81,0.9043136239051819
1641200761.001747,82,0.874603807926178
1641200767.843091,83,0.8910382390022278
1641200774.5840886,84,0.9154347777366638
1641200781.2739205,85,0.8887081742286682
1641200788.1113536,86,0.9217049479484558
1641200794.950059,87,0.9336575865745544
1641200801.645033,88,0.9157997369766235
1641200808.4600399,89,0.926654040813446
1641200815.1245906,90,0.9289113283157349
1641200821.8083696,91,0.9253411293029785
1641200828.552344,92,0.93402099609375
1641200835.2050052,93,0.9193362593650818
1641200841.8970888,94,0.9191129207611084
1641200848.6357036,95,0.9114682078361511
1641200855.3798032,96,0.9224574565887451
1641200862.2417452,97,0.91416335105896
1641200868.8893979,98,0.9207185506820679
1641200875.5168364,99,0.9329487085342407
1641200882.146157,100,0.9338387846946716
1641200888.778133,101,0.9392011761665344
1641200895.476089,102,0.933090090751648
1641200902.1473238,103,0.927841067314148
1641200908.820044,104,0.925314724445343
1641200915.6947553,105,0.9376784563064575
1641200922.2990897,106,0.888978123664856
1641200928.9183526,107,0.8962634801864624
1641200935.7096784,108,0.9126317501068115
1641200942.4659798,109,0.9028748273849487
1641200949.2044742,110,0.9239615201950073
1641200955.9406576,111,0.9301086068153381
1641200962.5803566,112,0.9306422472000122
1641200969.483082,113,0.9230661988258362
1641200976.206741,114,0.9276254177093506
1641200982.881792,115,0.9333802461624146
1641200989.5434914,116,0.9175686240196228
1641200996.2504492,117,0.9377841353416443
1641201002.9190166,118,0.9163424968719482
1641201009.585062,119,0.9224581122398376
1641201016.229672,120,0.9298849105834961
1641201022.8642905,121,0.9220113754272461
1641201029.7087872,122,0.9211382865905762
1641201036.2935214,123,0.9150857329368591
1641201042.9342842,124,0.9169524908065796
1641201049.5703778,125,0.9188071489334106
1641201056.2734208,126,0.9000537395477295
1641201062.9767742,127,0.9112184643745422
1641201069.6663783,128,0.928070068359375
1641201076.3217473,129,0.9116501212120056
1641201082.9432552,130,0.9190557599067688
1641201089.729381,131,0.9206527471542358
1641201096.437346,132,0.9305532574653625
1641201103.1171532,133,0.9379213452339172
1641201109.7089872,134,0.9355975389480591
1641201116.4387202,135,0.9088542461395264
1641201123.15813,136,0.9292736053466797
1641201129.8543127,137,0.9343979954719543
1641201136.531412,138,0.9341296553611755
1641201143.2132235,139,0.9360558390617371
1641201150.0785942,140,0.9343921542167664
1641201156.7265544,141,0.9270442724227905
1641201163.379056,142,0.944993257522583
1641201170.0721035,143,0.9336024522781372
1641201176.9095526,144,0.9322119355201721
1641201183.6309295,145,0.9402065873146057
1641201190.5373492,146,0.9379590749740601
1641201197.1956563,147,0.9388022422790527
1641201204.04249,148,0.9253949522972107
1641201210.6643224,149,0.9418149590492249
1641201217.417505,150,0.9164963364601135
1641201224.147226,151,0.9226139187812805
1641201230.9473543,152,0.9175263047218323
1641201237.6103692,153,0.9301230907440186
1641201244.2653944,154,0.9099332690238953
1641201250.956598,155,0.9121487140655518
1641201257.6081555,156,0.9356705546379089
1641201264.4434144,157,0.9345980882644653
1641201271.043553,158,0.9387447834014893
1641201277.7032168,159,0.9276359677314758
1641201284.3989067,160,0.9291715621948242
1641201291.0351524,161,0.9391049146652222
1641201297.659903,162,0.9326106905937195
1641201304.3945441,163,0.9376872181892395
1641201311.0306406,164,0.9372332096099854
1641201317.8608272,165,0.9383665919303894
1641201324.5640087,166,0.9364846348762512
1641201331.1773024,167,0.9272336363792419
1641201337.806755,168,0.9345560073852539
1641201344.47601,169,0.9440205693244934
1641201351.2057238,170,0.9486870169639587
1641201357.9140303,171,0.941951334476471
1641201364.571354,172,0.944249153137207
1641201371.4459145,173,0.9454106688499451
1641201378.091362,174,0.9409595727920532
1641201384.6829865,175,0.939837634563446
1641201391.3840811,176,0.9453154802322388
1641201398.0360744,177,0.9448618292808533
1641201404.6420221,178,0.950141191482544
1641201411.2479677,179,0.9464682936668396
1641201417.8917804,180,0.9390929937362671
1641201424.5500216,181,0.936893105506897
1641201431.2930672,182,0.9399292469024658
1641201437.9023051,183,0.9365857243537903
1641201444.5420685,184,0.9428955912590027
1641201451.1644628,185,0.9342178702354431
1641201457.8253145,186,0.9426300525665283
1641201464.3843982,187,0.9525418281555176
1641201471.0122104,188,0.9486902356147766
1641201477.583478,189,0.9484872221946716
1641201484.3052285,190,0.9387260675430298
1641201490.836667,191,0.9455903172492981
1641201497.4025967,192,0.9486779570579529
1641201503.994991,193,0.9492212533950806
1641201510.7631178,194,0.9427475929260254
1641201517.3689592,195,0.9479568600654602
1641201524.0735714,196,0.9556562900543213
1641201530.7581365,197,0.9451243877410889
1641201537.5525017,198,0.9296122789382935
1641201549.4525132,199,0.940085768699646
